{
  "version": 1,
  "author": "Nicolas Felix",
  "editor": "wokwi",
  "parts": [
    {
      "type": "board-esp32-devkit-c-v4",
      "id": "esp",
      "top": 37.26,
      "left": 16.1,
      "rotate": 270,
      "attrs": { "env": "micropython-20231227-v1.22.0" }
    },
    {
      "type": "wokwi-dht22",
      "id": "dht1",
      "top": -66.9,
      "left": 157.8,
      "attrs": { "temperature": "26.6", "humidity": "15.5" }
    },
    {
      "type": "wokwi-led",
      "id": "led1",
      "top": -42,
      "left": -72.6,
      "attrs": { "color": "blue", "flip": "1" }
    },
    {
      "type": "wokwi-led",
      "id": "led2",
      "top": -42,
      "left": -130.6,
      "attrs": { "color": "red", "flip": "1" }
    },
    {
      "type": "wokwi-resistor",
      "id": "r1",
      "top": 61,
      "left": -154.45,
      "rotate": 270,
      "attrs": { "value": "1000" }
    },
    {
      "type": "wokwi-resistor",
      "id": "r2",
      "top": 61,
      "left": -87.25,
      "rotate": 270,
      "attrs": { "value": "1000" }
    }
  ],
  "connections": [
    [ "esp:TX", "$serialMonitor:RX", "", [] ],
    [ "esp:RX", "$serialMonitor:TX", "", [] ],
    [ "esp:16", "dht1:SDA", "green", [ "v-29.94", "h87.96" ] ],
    [ "dht1:VCC", "esp:5V", "red", [ "v28.8", "h38.4", "v153.6", "h-48" ] ],
    [ "dht1:GND", "esp:GND.2", "black", [ "v19.2", "h-211.2" ] ],
    [ "led2:C", "esp:GND.2", "black", [ "v0" ] ],
    [ "led1:C", "esp:GND.2", "black", [ "v0" ] ],
    [ "led1:A", "r2:2", "blue", [ "v0" ] ],
    [ "r1:1", "esp:12", "red", [ "h0", "v134.4", "h230.4" ] ],
    [ "esp:14", "r2:1", "blue", [ "v19.05", "h-153.6", "v-9.6" ] ],
    [ "r1:2", "led2:A", "red", [ "h0" ] ]
  ],
  "dependencies": {}
}